Model,Aligned
majority_class_baseline,0.6374483708122992
phi4-mini,0.5667737494263424
random_baseline,0.5369435520881138
llama3.2_3b,0.5153740247820101
r1-1776_latest,0.5098669114272603
llama4_scout,0.4625975217989904
gemma3_27b,0.4515832950894906
gpt-5.4-mini,0.44102799449288665
gemini-2.5-flash-lite,0.4148692060578247
gpt-4o-mini,0.40660853602569985
qwen3_4b,0.3758604864616797
qwen3_30b,0.3717301514456173
