Model,0
gemma3_27b,0.053088611084140425
r1-1776_latest,0.043505566328623346
gpt-4o-mini,0.0331404839844901
llama3.2_3b,0.025955620274812352
gpt-5.4-mini,0.024021234533034508
llama4_scout,0.021371279672584675
gemini-2.5-flash-lite,0.020837070686102077
qwen3_4b,0.00492661122214344
qwen3_30b,0.004150248891414132
majority_class_baseline,0.0
random_baseline,-0.003187589117663814
phi4-mini,-0.010656978920898563
