Model,0
majority_class_baseline,0.5986187011767862
phi4-mini,0.5526536359674121
llama3.2_3b,0.5299896067321554
random_baseline,0.523921279377745
r1-1776_latest,0.5124886847487176
llama4_scout,0.4968987829818621
gemma3_27b,0.46193046568545276
gpt-5.4-mini,0.4565997250813022
gemini-2.5-flash-lite,0.4365843028128876
gpt-4o-mini,0.4254534482180575
qwen3_4b,0.40788547289368693
qwen3_30b,0.4044657525061186
