Condition,Accuracy,Kappa,Bias_Prediction_Rate,Mean_Confidence
Direct,0.47623853211009176,0.046827144778152544,0.33149989332195434,79.81316407083423
CoT,0.5125538724130574,0.0867622436787413,0.3860998506507361,81.6817345850224
Chained CoT,0.5956390014934926,0.03042819463343406,0.7896372946447621,81.20290164284191
