Comparison,Delta_Accuracy,Delta_Kappa,Delta_Bias_Rate
CoT vs Direct,0.03631534030296562,0.03993509890058876,0.054599957328781736
Chained CoT vs Direct,0.1194004693834009,-0.003895974326513868,0.4581374013228078
Chained CoT vs CoT,0.08308512908043526,-0.061311539076223914,0.403537443994026
