Comparison,Flip_Rate,To_Biased_Rate,To_Not_Biased_Rate
CoT vs Direct,0.24835715809686368,0.1514785577128227,0.09687860038404097
Chained CoT vs Direct,0.5160251760187753,0.4870812886707916,0.02894388734798379
Chained CoT vs CoT,0.43941967143161936,0.4214785577128227,0.017941113718796673
