politics_clean,bias_rate
Conservative,0.7325428194993412
Liberal,0.6213483146067416
Independent,0.5615550755939525
